{"stats":{"minecraft:mined":{"minecraft:grass":3,"minecraft:oak_leaves":3},"minecraft:picked_up":{"minecraft:wheat_seeds":1},"minecraft:custom":{"minecraft:jump":22,"minecraft:time_since_rest":1744,"minecraft:leave_game":1,"minecraft:play_time":1744,"minecraft:sprint_one_cm":1491,"minecraft:damage_taken":50,"minecraft:time_since_death":1744,"minecraft:walk_one_cm":955,"minecraft:total_world_time":1744,"minecraft:drop":1,"minecraft:fall_one_cm":1658,"minecraft:fly_one_cm":6083},"minecraft:dropped":{"minecraft:wheat_seeds":1}},"DataVersion":3465}