{"stats":{"minecraft:mined":{"minecraft:grass":4,"minecraft:oak_leaves":20},"minecraft:picked_up":{"minecraft:wheat_seeds":1},"minecraft:used":{"minecraft:oak_leaves":11},"minecraft:custom":{"minecraft:jump":175,"minecraft:time_since_rest":13225,"minecraft:damage_dealt":134,"minecraft:damage_taken":50,"minecraft:crouch_one_cm":1470,"minecraft:leave_game":3,"minecraft:play_time":13225,"minecraft:sprint_one_cm":10289,"minecraft:time_since_death":13225,"minecraft:walk_on_water_one_cm":783,"minecraft:walk_one_cm":13148,"minecraft:sneak_time":496,"minecraft:total_world_time":13225,"minecraft:fall_one_cm":2285,"minecraft:drop":1,"minecraft:fly_one_cm":113870},"minecraft:dropped":{"minecraft:wheat_seeds":1}},"DataVersion":3465}